Well,Group,AUC
F4,Sample A,0.3544999999999989
F5,Positive control (pAX),0.5628749999999995
G4,Sample B,0.3519999999999993
G5,Negative control (pLS34),0.0
H4,Sample C,0.38399999999999956
